iter	MAE
0	2686.654951
1	2037.781492
2	1774.056562
3	1695.430533
4	1651.899807
5	1581.810505
6	1553.599475
7	1511.826548
8	1495.157738
9	1451.131632
